text,label
I love this product so much!,1
This is the best day of my life!,1
I had a wonderful experience with the service.,1
Everything about this place is fantastic!,1
I am extremely satisfied with the purchase.,1
The customer support team went above and beyond!,1
This exceeded all my expectations!,1
I can't stop recommending this to everyone I know!,1
The quality is outstanding and worth every penny.,1
Such an amazing experience from start to finish!,1
The staff was incredibly helpful and friendly.,1
Best decision I've made this year!,1
This product has changed my life for the better.,1
Absolutely phenomenal service and attention to detail.,1
I'm blown away by how good this is!,1
The features are exactly what I needed.,1
Five stars isn't enough to rate this experience!,1
I'm incredibly impressed with the quality.,1
This has exceeded my wildest expectations!,1
The product arrived early and in perfect condition.,1
Outstanding value for the money spent.,1
I couldn't be happier with my purchase.,1
The customer service is world-class!,1
This makes my daily routine so much better.,1
I'm amazed by the attention to detail.,1
Definitely worth the investment!,1
The team went above and beyond to help me.,1
I'm thrilled with the results!,1
This product is a game-changer!,1
Such an innovative and useful solution!,1
The quality control is impressive.,1
I feel like a valued customer.,1
This company really cares about its customers.,1
Perfect in every way possible!,1
The best service I've ever experienced.,1
I'm completely satisfied with everything.,1
This product delivers on all its promises.,1
Outstanding performance and reliability.,1
I'm so glad I discovered this product!,1
The attention to customer satisfaction is remarkable.,1
This is horrible and the worst experience ever!,0
I hate this item and will never buy it again.,0
The customer service was terrible.,0
I am very disappointed with this product.,0
The quality of the item is very poor.,0
Waste of money and time!,0
This is absolutely unacceptable service.,0
I regret making this purchase.,0
The worst company I've ever dealt with.,0
Complete disaster from start to finish.,0
Don't waste your money on this!,0
The product broke after one use.,0
Terrible quality control and design.,0
I want my money back immediately!,0
This is a complete scam!,0
The worst customer service experience ever.,0
They completely ignored my complaints.,0
This product is a total failure.,0
Save your money and avoid this product!,0
Nothing works as advertised.,0
The company doesn't care about its customers.,0
Extremely frustrated with this purchase.,0
This is far below acceptable standards.,0
Would give zero stars if possible.,0
Absolutely disappointed with everything.,0
The product arrived damaged and unusable.,0
Terrible experience from beginning to end.,0
This is not worth even half the price.,0
The quality is embarrassingly bad.,0
Customer support was unhelpful and rude.,0
Complete waste of resources.,0
This product failed to meet basic expectations.,0
I feel cheated after this purchase.,0
The shipping was a disaster.,0
Never ordering from here again!,0
Such a disappointing experience.,0
The product quality is inconsistent.,0
This company has terrible business practices.,0
I couldn't be more disappointed.,0
They need to improve their quality control.,0
My expectations were completely let down.,0
The shipping service was unreliable.,1
I wasn't sure at first but now I love it!,1
This product grows on you over time.,1
Great value despite minor issues.,1
The setup was challenging but worth it.,1
Initially skeptical but now impressed.,1
Some features could be better but overall great.,1
Good product with room for improvement.,1
Not perfect but definitely satisfactory.,1
The learning curve was worth it.,1
Decent product for the price point.,1
Better than expected in most ways.,1
Minor flaws but still recommended.,1
The customer service response was quick.,1
Surprisingly good despite mixed reviews.,1
A few hiccups but overall positive experience.,1
Some issues but the company made it right.,1
The product works well after updates.,1
Not bad for the price point.,0
Could be better but not terrible.,0
Mediocre experience overall.,0
Some good features but mostly disappointing.,0
Expected more for the price.,0
The quality is questionable at times.,0
Had higher hopes for this product.,0
Service was slow but eventually helpful.,0
Not the worst but needs improvement.,0
Several issues need to be addressed.,0
Wouldn't highly recommend it.,0
Basic functionality but nothing special.,0
The product is average at best.,0
Customer service could be more responsive.,0
Somewhat disappointed with the features.,0
The quality isn't consistent.,0
Mixed feelings about this purchase.,0
Not terrible but wouldn't buy again.,0
The price doesn't match the quality.,0
Below average but not completely useless.,0
This barely meets minimum standards.,0
The interface could be more user-friendly.,0
Limited functionality for the cost.,0
The design needs significant improvement.,0
Customer support was hit or miss.,0
Too expensive for what you get.,0
The product lacks essential features.,0
Assembly instructions were confusing.,0
Not as advertised in many ways.,0
Performance is underwhelming.,0
Many aspects need improvement.,0
The warranty coverage is insufficient.,0
Technical support was inadequate.,0
The product feels cheaply made.,0
Update process is frustrating.,0
Documentation needs improvement.,0
The design is impractical.,0
Many features don't work properly.,0
This is a life-changing innovation!,1
Absolutely adore every aspect of it!,1
The company truly values their customers!,1
Stunning quality and performance!,1
This product deserves all the praise!,1
Remarkable attention to every detail!,1
Completely transformed my daily routine!,1
The service level is unmatched!,1
Worth every single penny spent!,1
Everything about this is perfect!,1
The team's dedication is inspiring!,1
Couldn't ask for anything better!,1
This product sets new standards!,1
Exceptional quality throughout!,1
The support team is incredible!,1
Revolutionary product design!,1
Every feature works flawlessly!,1
The company exceeded expectations!,1
Such thoughtful customer care!,1
Perfect from start to finish!,1
Best purchase I've ever made!,1
The quality is mind-blowing!,1
Absolutely outstanding service!,1
This product is revolutionary!,1
Incredible value for money!,1
The experience was magical!,1
Superb attention to quality!,1
This exceeded all hopes!,1
Phenomenal customer support!,1
Life is better with this product!,1
Complete disappointment and waste.,0
Terrible product experience overall.,0
Nothing works as promised.,0
Avoid this company at all costs.,0
The worst purchase decision ever.,0
Absolutely awful customer service.,0
This product is a total scam.,0
Everything about this is wrong.,0
Cannot believe how bad this is.,0
The quality is embarrassing.,0
Completely misrepresented product.,0
This is an absolute nightmare.,0
Worst company experience ever.,0
Total failure in every aspect.,0
The support team is useless.,0
Extremely poor build quality.,0
Nothing but problems and issues.,0
The company ignores complaints.,0
Such a frustrating experience.,0
Never buying this again ever.,0
This product is defective.,0
The service is atrocious.,0
Complete waste of money.,0
Absolutely horrific quality.,0
The worst experience possible.,0
This company is terrible.,0
Nothing but disappointment.,0
Completely unsatisfactory.,0
Horrible customer experience.,0
Avoid at all costs.,0
This brings pure joy every day!,1
The craftsmanship is stunning!,1
Such innovative technology!,1
A perfect user experience!,1
The design is breathtaking!,1
Outstanding performance always!,1
This product is a masterpiece!,1
Pure excellence in service!,1
Remarkable build quality!,1
The features are brilliant!,1
Absolutely love everything!,1
This surpassed all expectations!,1
The support is world-class!,1
Incredible user experience!,1
This product is perfection!,1
Highly regret this purchase.,0
The design is horrible.,0
Such poor craftsmanship.,0
This product is deficient.,0
The service is dreadful.,0
Absolutely unacceptable quality.,0
Nothing good about this.,0
The worst design ever.,0
Complete disappointment.,0
This product is awful.,0
The interface is terrible.,0
Poor customer experience.,0
Everything went wrong.,0
The quality is shameful.,0
This needs to be recalled.,0
Transformed my daily life!,1
The quality is exceptional!,1
This product brings joy!,1
Outstanding performance daily!,1
The design is magnificent!,1
Incredible user interface!,1
This exceeds all standards!,1
Perfect in every way!,1
The support team is amazing!,1
Revolutionary features work!,1
This makes life better!,1
Outstanding build quality!,1
The service is incredible!,1
This product is unmatched!,1
Pure excellence throughout!,1
Deeply disappointing product.,0
The service is awful.,0
Completely useless design.,0
This is poorly made.,0
The quality is terrible.,0
Absolutely frustrated.,0
Nothing works right.,0
The support is unhelpful.,0
Complete waste of time.,0
This product fails.,0
The design is flawed.,0
Horrible experience overall.,0
Everything is broken.,0
The interface is poor.,0
This is just terrible.,0
Revolutionizing the industry!,1
The quality astounds me!,1
This product is brilliant!,1
Outstanding in every way!,1
The design is flawless!,1
Incredible performance!,1
This exceeds everything!,1
Perfect functionality!,1
The team is wonderful!,1
Revolutionary solution!,1
Best investment ever!,1
Outstanding quality!,1
The service amazes!,1
This is spectacular!,1
Pure satisfaction!,1
Absolutely useless product.,0
The worst service ever.,0
Completely disappointed.,0
This is just awful.,0
The quality is poor.,0
Absolutely terrible.,0
Nothing good here.,0
The worst purchase.,0
Complete failure.,0
This is horrible.,0
The design fails.,0
Horrible product.,0
Everything broke.,0
The worst ever.,0
This is a joke.,0